"نام محصول","URL محصول"
"روتر بی‌سیم دو بانده تی‌پی-لینک TP-Link Archer C80 AC1900",https://royaldigi.ir/product/tp-link-archer-c80/
"روتر بی‌سیم دو بانده تی‌پی-لینک TP-Link Archer C50 AC1200",https://royaldigi.ir/product/tp-link-archer-c50/
"روتر بی‌سیم دو بانده تی‌پی-لینک TP-Link Archer C60 V3 AC1350",https://royaldigi.ir/product/tp-link-archer-c60-v3/
"روتر بی‌سیم دو بانده تی‌پی-لینک TP-Link Archer AX23 AX1800",https://royaldigi.ir/product/tp-link-archer-ax23/
"روتر بی‌سیم تک بانده تی‌پی-لینک TP-Link TL-WR941ND",https://royaldigi.ir/product/tp-link-tl-wr941nd/
"اکسس پوینت و تقویت‌کننده بی‌سیم دو بانده تی‌پی‌لینک TP-Link TL-WA1201 AC1200",https://royaldigi.ir/product/tp-link-tl-wa1201/
"روتر بی‌سیم دو بانده تی‌پی-لینک TP-Link Archer C60 AC1350",https://royaldigi.ir/product/tp-link-archer-c60/
"مودم روتر رومیزی 5G وای‌فای 6 زد تی ای ZTE MC801A",https://royaldigi.ir/product/zte-mc801a/
"کارت شبکه USB بی‌سیم تی‌پی-لینک TP-Link TL-WN822N N300",https://royaldigi.ir/product/tp-link-tl-wn822n/
"مودم فضای باز 4G LTE FDD یوتل UTEL OLF4 N300",https://royaldigi.ir/product/utel-olf4/
"مودم روتر ADSL2+ وای‌فای 4 دی‌-لینک D-Link DSL-124 N300",https://royaldigi.ir/product/d-link-dsl-124/
"مودم روتر 5G وای‌فای 6 دی‌-لینک D-Link DWR-2000M AX3000",https://royaldigi.ir/product/d-link-dwr-2000m/
"اکسس پوینت و تقویت‌کننده بی‌سیم تک بانده دی‌-لینک D-Link DAP-1360 N300",https://royaldigi.ir/product/d-link-dap-1360/
"مودم همراه و رومیزی 4G LTE وای‌فای 6 نزتک Naztech HOPE Cat 4",https://royaldigi.ir/product/naztech-hope/
"روتر بی‌سیم دو بانده هواوی Huawei WiFi AX2 AX1500",https://royaldigi.ir/product/huawei-wifi-ax2/
"مودم روتر 4G/TD-LTE وای‌فای 5 ایرانسل Irancell TF-i120 B1",https://royaldigi.ir/product/irancell-tf-i120-b1/
"مودم روتر 4G/TD-LTE وای‌فای 5 ایرانسل Irancell TF-i120 E1",https://royaldigi.ir/product/irancell-tf-i120-e1/
"روتر بی‌سیم دو بانده دی‌-لینک D-Link DIR-853 AC1300",https://royaldigi.ir/product/d-link-dir-853/
"مودم روتر فیبر نوری GPON وای‌فای 5 هواوی Huawei EchoLife EG8145V5",https://royaldigi.ir/product/huawei-eg8145v5/
"مودم روتر فیبر نوری GPON وای‌فای 5 هواوی Huawei EchoLife HG8245Q2 AC1750",https://royaldigi.ir/product/huawei-hg8245q2/
"مودم روتر فیبر نوری GPON وای‌فای 6 زولتریکس Zoltrix 8145X6 AX3000",https://royaldigi.ir/product/zoltrix-8145x6/
"مودم روتر ADSL2+ وای‌فای 4 نتربیت Neterbit NSL-122",https://royaldigi.ir/product/neterbit-nsl-122/
"مودم روتر رومیزی 4G/TD-LTE دو بانده ایرانسل Irancell TF-i60 S1",https://royaldigi.ir/product/irancell-tf-i60-s1/
"مودم روتر رومیزی 4G LTE وای‌فای 4 ایرانسل Irancell FD-i40 B2 N300",https://royaldigi.ir/product/irancell-fd-i40-b2/
"مودم روتر 4G LTE وای‌فای 4 ایرانسل Irancell FD-i40 E2 N300",https://royaldigi.ir/product/irancell-fd-i40-e2/
"اندروید باکس 4K نت‌باکس NetBox Shine S",https://royaldigi.ir/product/netbox-shine-s/
"اندروید باکس 4K نت‌باکس NetBox Mobo Edition",https://royaldigi.ir/product/netbox-mobo-edition/
"اندروید باکس 4K نت‌باکس NetBox Prime",https://royaldigi.ir/product/netbox-prime/
"مودم روتر رومیزی WiMAX 2+/4G LTE دو بانده هواوی Huawei Speed Wi-Fi HOME L02 AC1200",https://royaldigi.ir/product/huawei-speed-wi-fi-home-l02/
"مودم روتر فیبر نوری XPON وای‌فای 4 تی‌پی-لینک TP-Link XN020-G3 N300",https://royaldigi.ir/product/tp-link-xn020-g3/
"مودم روتر فیبر نوری GPON وای‌فای 6 تی‌پی-لینک TP-Link XX230v AX1800",https://royaldigi.ir/product/tp-link-xx230v/
"مودم روتر رومیزی 4G/TD-LTE هواوی Huawei B612 Cat 6",https://royaldigi.ir/product/huawei-b612/
"مودم همراه 4G LTE وای‌فای 4 تی‌پی-لینک TP-Link M7200 N300",https://royaldigi.ir/product/tp-link-m7200/
"مودم همراه 4G LTE وای‌فای 6 تندا Tenda 4G180 AX300",https://royaldigi.ir/product/tenda-4g180/
"مودم همراه 4G LTE هواوی Huawei E5573",https://royaldigi.ir/product/huawei-e5573-320/
"مودم همراه 4G LTE دو بانده هواوی Huawei E5577C",https://royaldigi.ir/product/huawei-e5577c/
"مودم همراه 4G+ دو بانده هواوی Huawei E5785 Cat 6",https://royaldigi.ir/product/huawei-e5785-320/
"اکسس پوینت بی‌سیم تک بانده تی‌پی-لینک TP-Link EAP110 N300",https://royaldigi.ir/product/tp-link-eap110/
"روتر میکروتیک بی‌سیم تک بانده MikroTik hAP lite RB941-2nD",https://royaldigi.ir/product/mikrotik-hap-lite-rb941-2nd/
"مودم همراه 4G LTE هواوی Huawei E5576",https://royaldigi.ir/product/huawei-e5576-320/
"مودم همراه 4G+ دو بانده هواوی Huawei E5783 Cat 7",https://royaldigi.ir/product/huawei-e5783-330/
"مودم روتر رومیزی 4G/TD-LTE دو بانده نزتک Naztech NZT-TDX1000 AC1200",https://royaldigi.ir/product/naztech-nzt-tdx1000/
"مودم روتر رومیزی 4.5G دو بانده هواوی Huawei B625-261 AC1200",https://royaldigi.ir/product/huawei-b625-261/
"مودم روتر هیبریدی VDSL2/G.fast و 4G+ دی‌-لینک D-Link DWR-981 AC2600",https://royaldigi.ir/product/d-link-dwr-981/
"مودم روتر 4G LTE وای‌فای 4 همراه اول MCI HA4300",https://royaldigi.ir/product/mci-ha4300/
"مودم روتر 4G LTE شاتل موبایل SHM D03",https://royaldigi.ir/product/shatel-mobile-shm-d03/
"مودم روتر رومیزی 5G/4G وای‌فای 6 سی‌پی‌فایوجی CP5G AX1800",https://royaldigi.ir/product/cp5g-5g-router/
"مودم روتر 4G LTE همراه اول MCI HA4200-A",https://royaldigi.ir/product/mci-ha4200-a/
"مودم روتر رومیزی 5G وای‌فای 6 زد ال تی ZLT X28 AX1800",https://royaldigi.ir/product/zlt-x28/
"مودم روتر 4G LTE یوتل U.Tel L443 N300",https://royaldigi.ir/product/utel-l443/
"مودم روتر 4G/TD-LTE وای‌فای 4 ایرانسل Irancell TF-i60 H1 N300",https://royaldigi.ir/product/irancell-tf-i60-h1/
"مودم همراه 4.5G دو بانده آلکاتل Alcatel BT71",https://royaldigi.ir/product/alcatel-bt71/
"مودم همراه 4G+ دو بانده هواوی STC Huawei E5785 Cat 6",https://royaldigi.ir/product/huawei-e5785-320-stc/
"مودم همراه 4G LTE دی‌-لینک D-Link DWR-930M N150",https://royaldigi.ir/product/d-link-dwr-930m/
"مودم همراه 4G LTE وای‌فای 4 آلکاتل Alcatel LinkZone MW40V N150",https://royaldigi.ir/product/alcatel-linkzone-mw40v/
"مودم همراه 4G LTE وای‌فای 4 دی‌-لینک D-Link DWR-932M",https://royaldigi.ir/product/d-link-dwr-932m/
"مودم همراه 4G+ دی‌-لینک D-Link DWR-933M Cat 6",https://royaldigi.ir/product/d-link-dwr-933m/
"مودم همراه 4G+ دو بانده زد تی ای ZTE MF971R Cat 6",https://royaldigi.ir/product/zte-mf971r/
"مودم روتر رومیزی 5G وای‌فای 5 زد ال تی ZLT X21",https://royaldigi.ir/product/zlt-x21/
"مودم روتر TD-LTE ایرانسل Irancell DT-350",https://royaldigi.ir/product/irancell-dt-350/
"مودم روتر رومیزی TD-LTE وینکس Wenex B-5142",https://royaldigi.ir/product/wenex-b-5142/
"مودم روتر TD-LTE ایرانسل Irancell Z6000 N300",https://royaldigi.ir/product/irancell-z6000/
"مودم فضای باز 4G/TD-LTE زایکسل Zyxel ZW101",https://royaldigi.ir/product/zyxel-zw101/
"مودم روتر 4G/TD-LTE وای‌فای 4 ایرانسل Irancell TF-i60 G1 N300",https://royaldigi.ir/product/irancell-tf-i60-g1/
"مودم روتر 4G LTE وای‌فای 4 ایرانسل Irancell FD-i40 B1 N300",https://royaldigi.ir/product/irancell-fd-i40-b1/
"مودم روتر رومیزی 4G LTE هواوی Huawei E5180",https://royaldigi.ir/product/huawei-e5180s-22/
"مودم همراه و رومیزی 4G LTE هواوی Huawei E5170",https://royaldigi.ir/product/huawei-e5170s-22/
"مودم روتر 4G LTE وای‌فای 4 ایرانسل Irancell FD-i40 G1 N300",https://royaldigi.ir/product/irancell-fd-i40-g1/
"مودم همراه 4G LTE ایرانسل Irancell MF810 N150",https://royaldigi.ir/product/irancell-mf810/
"مودم همراه 4G LTE وای‌فای 4 ایرانسل Irancell LH92",https://royaldigi.ir/product/irancell-lh92/
"مودم همراه 4G LTE وای‌فای 4 ایرانسل Irancell LH96 N150",https://royaldigi.ir/product/irancell-lh96/
"مودم همراه 4G+ ایرانسل Irancell FD-M60",https://royaldigi.ir/product/irancell-fd-m60/
"مودم همراه 4G+ دو بانده دی‌-لینک D-Link DWR-933V Cat 6",https://royaldigi.ir/product/d-link-dwr-933v/
"مودم روتر رومیزی 5G وای‌فای 6 همراه اول MCI HA5420 AX1800",https://royaldigi.ir/product/mci-ha5420/
"مودم روتر رومیزی 4G LTE وای‌فای 4 سولتک Soltec ST-WD421N N300",https://royaldigi.ir/product/soltec-st-wd421n/
"مودم روتر رومیزی 5G وای‌فای 5 زد ال تی ZLT KJ33 AC1200",https://royaldigi.ir/product/zlt-kj33/
"مودم روتر رومیزی 4G LTE دی‌لینک D-Link DWR-M920 N300",https://royaldigi.ir/product/d-link-dwr-m920/
"مودم روتر 4G+ وای‌فای 5 همراه اول MCI HA6400 AC1200",https://royaldigi.ir/product/mci-ha6400/
"مودم همراه 4G LTE همراه اول MCI MC-i110",https://royaldigi.ir/product/mci-mc-i110/
"مودم روتر ADSL2+ وای‌فای 4 تی‌پی-لینک TP-Link TD-W8961N N300",https://royaldigi.ir/product/tp-link-td-w8961n/
"مودم روتر فیبر نوری GPON وای‌فای 4 هواوی Huawei EchoLife HG8245H N300",https://royaldigi.ir/product/huawei-hg8245h/
"مودم روتر 4G/TD-LTE وای‌فای 5 ایرانسل Irancell TF-i60 E1",https://royaldigi.ir/product/irancell-tf-i60-e1/
"روتر بی‌سیم دو بانده تی‌پی-لینک TP-Link Archer AX3000 Wi-Fi 6",https://royaldigi.ir/product/tp-link-archer-ax3000/
"مودم روتر رومیزی 4G LTE وای‌فای 4 دی‌-لینک D-Link DWR-M921 N300",https://royaldigi.ir/product/d-link-dwr-m921/
"مودم همراه 4.5G دو بانده آلکاتل Alcatel BT70 / EE70 Cat 7",https://royaldigi.ir/product/alcatel-bt70-ee70/
"مودم همراه 4G+ دو بانده وودافون Vodafone R228T Cat 6",https://royaldigi.ir/product/vodafone-r228t/
"مودم همراه 4G+ دو بانده آلکاتل Alcatel EE71",https://royaldigi.ir/product/alcatel-ee71/
"مودم همراه 4G LTE وای‌فای 4 مدل M8-E N150",https://royaldigi.ir/product/m8-e-4g-modem/
"مودم همراه WiMAX وای‌فای 4 ایرانسل Irancell URoad-SS10",https://royaldigi.ir/product/irancell-uroad-ss10/
"مودم همراه اپراتوری 4G LTE وای‌فای 4 جیو JioFi M2 N150",https://royaldigi.ir/product/jio-jiofi-m2/
"مودم همراه 3G HSPA+ وای‌فای 4 هواوی Huawei E5220 N150",https://royaldigi.ir/product/huawei-e5220/
"مودم روتر ADSL2+ وودافون/هواوی Vodafone Station Huawei EchoLife HG553 G54",https://royaldigi.ir/product/huawei-hg553/
"مودم روتر ADSL2+ وای‌فای 4 دی‌-لینک D-Link DSL-124 N300",https://royaldigi.ir/product/d-link-dsl-124-stock/
"مودم روتر رومیزی 4G/TD-LTE دو بانده ایرانسل Irancell TF-i60 S1",https://royaldigi.ir/product/irancell-tf-i60-s1-stock/
"مودم روتر 4G/TD-LTE وای‌فای 4 ایرانسل Irancell TF-i60 G1 N300",https://royaldigi.ir/product/irancell-tf-i60-g1-stock/
"مودم روتر فیبر نوری GPON دو بانده یوتل U.Tel G442 AC1200",https://royaldigi.ir/product/utel-g442/
"مودم همراه 4G LTE وای‌فای 4 ای‌لینک ALINK M960 N150",https://royaldigi.ir/product/alink-m960/
"مودم همراه 4.5G/TD-LTE دو بانده هواوی Huawei E5785-330 Mobile WiFi Elite 2",https://royaldigi.ir/product/huawei-e5785-330-mobile-wifi-elite-2/
